Name,Company,Profile pic,link
Thomas Moeller,Designer // Creative Director,https://mir-s3-cdn-cf.behance.net/user/115/71344c122090.5eb0e08d67366.jpg,https://www.behance.net/ThomasMoeller?tracking_source=search_users
Peter Tarka,AD + 3D,https://mir-s3-cdn-cf.behance.net/user/115/0f9031147034.6358406f3a265.png,https://www.behance.net/trk?tracking_source=search_users
Alberto Seveso,"Freelance, Illustrator, Graphic Designer, Photographer",https://mir-s3-cdn-cf.behance.net/user/115/56920.53aaf75498561.png,https://www.behance.net/indiffident?tracking_source=search_users
mbsjq ◐,Surrealist Digital Artist & Car Enthusiast • Artist Since '99 • CryptoArt Since '20 •,https://mir-s3-cdn-cf.behance.net/user/115/50ecb6133435.62874a58d534a.jpg,https://www.behance.net/JonathanQuintin?tracking_source=search_users
James Roper,Artist,https://mir-s3-cdn-cf.behance.net/user/115/84fe87461855.5ffc8874b8865.jpg,https://www.behance.net/jamesroperart?tracking_source=search_users
Tobias Hall,Illustrator & Designer,https://mir-s3-cdn-cf.behance.net/user/115/afbb99129745.5f4669ce40500.jpg,https://www.behance.net/TobiasHall?tracking_source=search_users
Jing Zhang,,https://mir-s3-cdn-cf.behance.net/user/115/505386.54c9841796c23.jpg,https://www.behance.net/mazakii?tracking_source=search_users
Antonio Rodrigues Jr,"Graphic Design, Illustration and then some...",https://mir-s3-cdn-cf.behance.net/user/115/c878b6143844.56944fddd194a.png,https://www.behance.net/ARJr?tracking_source=search_users
Two Times Elliott,Creative Agency,https://mir-s3-cdn-cf.behance.net/user/115/549a57270346.62fb8ab1576c6.jpg,https://www.behance.net/twotimeselliott?tracking_source=search_users
Marija Tiurina,Artist & Illustrator,https://mir-s3-cdn-cf.behance.net/user/115/666691701562.54e6048ce8472.jpg,https://www.behance.net/tiurinam?tracking_source=search_users
M L Studio,Illustrator | Art Director | Painter,https://mir-s3-cdn-cf.behance.net/user/115/42b63551556.5ff1c7c644a78.jpg,https://www.behance.net/missledstudio?tracking_source=search_users
Sawdust ·,,https://mir-s3-cdn-cf.behance.net/user/115/cee8c898276.5ec2cd6373e32.jpg,https://www.behance.net/sawdust?tracking_source=search_users
Tom Lane,"Graphic Designer, Lettering Artist, Illustrator",https://mir-s3-cdn-cf.behance.net/user/115/84b62d72272.5596cd2394866.jpg,https://www.behance.net/GingerMonkey?tracking_source=search_users
Made Up Studio,Type // Illustration // Animation,https://mir-s3-cdn-cf.behance.net/user/115/c3426f89020.5c59aa84b6acf.jpg,https://www.behance.net/madeup?tracking_source=search_users
Tamer Koseli,Designer & Illustrator,https://mir-s3-cdn-cf.behance.net/user/115/2641ef58881.64955bad54e68.jpg,https://www.behance.net/tamerkoseli?tracking_source=search_users
Agency S/R,,https://mir-s3-cdn-cf.behance.net/user/115/d0feea158203.5cc2cb96445ae.jpg,https://www.behance.net/thedesignsurgery?tracking_source=search_users
Mash Creative,,https://mir-s3-cdn-cf.behance.net/user/115/131080.53abac87da5a5.jpg,https://www.behance.net/MashCreative?tracking_source=search_users
Yukai Du,"Illustrator, Animator",https://mir-s3-cdn-cf.behance.net/user/115/ac2baa859891.616e76af477b2.jpg,https://www.behance.net/Doralice?tracking_source=search_users
jonathan ball / pokedstudio,illustrator/art director,https://mir-s3-cdn-cf.behance.net/user/115/b031a453081.5ad35eebe267f.jpg,https://www.behance.net/pokedstudio?tracking_source=search_users
Tom Anders Watkins,Founder / Designer,https://mir-s3-cdn-cf.behance.net/user/115/947022.53b1c616e0533.png,https://www.behance.net/tomanders?tracking_source=search_users
